"group","score","n","mean","median","sd","iqr","skewness","kurtosis"
"completed","math_score",358,69.695530726257,69,14.4446992253885,19,-0.146904094789504,2.82119808106638
"completed","reading_score",358,73.8938547486033,75,13.6383836413481,19,-0.286964582867978,2.63837787768983
"completed","writing_score",358,74.4189944134078,76,13.3753348436307,17,-0.34682850765833,2.80719167861766
"none","math_score",642,64.0778816199377,64,15.1923756392721,20.75,-0.327955442262782,3.38887579048391
"none","reading_score",642,66.5342679127726,67,14.463885096478,19,-0.233102685191722,3.05783882660521
"none","writing_score",642,64.5046728971963,65,14.9996612536534,20,-0.214758623700474,3.06793518468225
