"group","score","n","mean","median","sd","iqr","skewness","kurtosis"
"free/reduced","math_score",355,58.9211267605634,60,15.1599561316405,20,-0.310366904756678,3.37574742282962
"free/reduced","reading_score",355,64.6535211267606,65,14.8953394958486,19,-0.235787294846908,2.98135279547102
"free/reduced","writing_score",355,63.0225352112676,64,15.4338226165846,21,-0.252080345609079,3.09846517651107
"standard","math_score",645,70.0341085271318,69,13.653500996457,19,-0.102277915280252,2.85275539339602
"standard","reading_score",645,71.6542635658915,72,13.8306023082846,19,-0.21159651296216,2.76893192161651
"standard","writing_score",645,70.8232558139535,72,14.3394869817139,19,-0.253366294393077,2.76076126643242
