"score","n","missing","mean","median","sd","iqr","min","max","skewness","kurtosis"
"math_score",1000,0,66.089,66,15.1630800960095,20,0,100,-0.278516571914075,3.26759715461498
"reading_score",1000,0,69.169,70,14.6001919372522,20,17,100,-0.258715699278293,2.92608138521669
"writing_score",1000,0,68.054,69,15.1956570108697,21.25,10,100,-0.289009624521142,2.96080796868838
