"group","n","ad_statistic","p_value"
"completed",358,0.618,0.107268085986911
"none",642,0.479,0.233691109978471
